"CODE","NAME","SERVICE_CODE",
"0010","PORADNIA (GABINET) LEKARZA POZ",
"0011","PORADNIA (GABINET) LEKARZA POZ DLA DZIECI",
"0012","PORADNIA (GABINET) LEKARZA RODZINNEGO",
"0013","PORADNIA (GABINET) LEKARZA RODZINNEGO DLA DZIECI",
"0020","PUNKT FELCZERSKI",
"0030","PORADNIA (GABINET) PIELĘGNIARKI I POŁOŻNEJ ŚRODOWISKOWEJ",
"0031","PORADNIA (GABINET) PIELĘGNIARKI I POŁOŻNEJ ŚRODOWISKOWEJ DLA DZIECI",
"0032","PORADNIA (GABINET) PIELĘGNIARKI ŚRODOWISKOWEJ - RODZINNEJ",
"0033","PORADNIA (GABINET) PIELĘGNIARKI ŚRODOWISKOWEJ - RODZINNEJ DLA DZIECI",
"0034","PORADNIA (GABINET) POŁOŻNEJ ŚRODOWISKOWEJ - RODZINNEJ",
"0035","PORADNIA (GABINET) POŁOŻNEJ ŚRODOWISKOWEJ - RODZINNEJ DLA DZIECI",
"0041","GABINET MEDYCYNY SZKOLNEJ",
"0050","PUNKT SZCZEPIEŃ",
"0051","PUNKT SZCZEPIEŃ DLA DZIECI",
"0060","GABINET ZABIEGOWY",
"0061","GABINET ZABIEGOWY DLA DZIECI",
"1000","PORADNIA CHORÓB WEWNĘTRZNYCH","4.4"
"1000","PORADNIA CHORÓB WEWNĘTRZNYCH","8.4"
"1001","PORADNIA CHORÓB WEWNĘTRZNYCH DLA DZIECI","4.4"
"1001","PORADNIA CHORÓB WEWNĘTRZNYCH DLA DZIECI","8.4"
"1008","PORADNIA CHORÓB METABOLICZNYCH",
"1009","PORADNIA CHORÓB METABOLICZNYCH DLA DZIECI",
"1010","PORADNIA ALERGOLOGICZNA","4.4"
"1010","PORADNIA ALERGOLOGICZNA","8.4"
"1011","PORADNIA ALERGOLOGICZNA DLA DZIECI","4.4"
"1011","PORADNIA ALERGOLOGICZNA DLA DZIECI","8.4"
"1012","PORADNIA ALERGII POKARMOWYCH","4.4"
"1012","PORADNIA ALERGII POKARMOWYCH","8.4"
"1013","PORADNIA ALERGII POKARMOWYCH DLA DZIECI","4.4"
"1013","PORADNIA ALERGII POKARMOWYCH DLA DZIECI","8.4"
"1014","PORADNIA ALERGII ODDECHOWYCH","4.4"
"1014","PORADNIA ALERGII ODDECHOWYCH","8.4"
"1015","PORADNIA ALERGII ODDECHOWYCH DLA DZIECI","4.4"
"1015","PORADNIA ALERGII ODDECHOWYCH DLA DZIECI","8.4"
"1016","PORADNIA ALERGII SKÓRNYCH","4.4"
"1016","PORADNIA ALERGII SKÓRNYCH","8.4"
"1017","PORADNIA ALERGII SKÓRNYCH DLA DZIECI","4.4"
"1017","PORADNIA ALERGII SKÓRNYCH DLA DZIECI","8.4"
"1020","PORADNIA DIABETOLOGICZNA","4.4"
"1020","PORADNIA DIABETOLOGICZNA","8.4"
"1021","PORADNIA DIABETOLOGICZNA DLA DZIECI","4.4"
"1021","PORADNIA DIABETOLOGICZNA DLA DZIECI","8.4"
"1030","PORADNIA ENDOKRYNOLOGICZNA","4.4"
"1030","PORADNIA ENDOKRYNOLOGICZNA","8.4"
"1031","PORADNIA ENDOKRYNOLOGICZNA DLA DZIECI","4.4"
"1031","PORADNIA ENDOKRYNOLOGICZNA DLA DZIECI","8.4"
"1032","PORADNIA ENDOKRYNOLOGICZNO-GINEKOLOGICZNA","4.4"
"1032","PORADNIA ENDOKRYNOLOGICZNO-GINEKOLOGICZNA","8.4"
"1033","PORADNIA ENDOKRYNOLOGICZNO-GINEKOLOGICZNA DLA DZIECI","4.4"
"1033","PORADNIA ENDOKRYNOLOGICZNO-GINEKOLOGICZNA DLA DZIECI","8.4"
"1034","PORADNIA ANDROLOGICZNA","4.4"
"1034","PORADNIA ANDROLOGICZNA","8.4"
"1035","PORADNIA ANDROLOGICZNA DLA DZIECI","4.4"
"1035","PORADNIA ANDROLOGICZNA DLA DZIECI","8.4"
"1036","PORADNIA LECZENIA NIEPŁODNOŚCI","4.4"
"1036","PORADNIA LECZENIA NIEPŁODNOŚCI","8.4"
"1037","PORADNIA LECZENIA NIEPŁODNOŚCI DLA DZIECI","4.4"
"1037","PORADNIA LECZENIA NIEPŁODNOŚCI DLA DZIECI","8.4"
"1038","PORADNIA SCHORZEŃ TARCZYCY","4.4"
"1038","PORADNIA SCHORZEŃ TARCZYCY","8.4"
"1039","PORADNIA SCHORZEŃ TARCZYCY DLA DZIECI","4.4"
"1039","PORADNIA SCHORZEŃ TARCZYCY DLA DZIECI","8.4"
"1040","PORADNIA ENDOKRYNOLOGICZNA OSTEOPOROZY","4.4"
"1040","PORADNIA ENDOKRYNOLOGICZNA OSTEOPOROZY","8.4"
"1041","PORADNIA ENDOKRYNOLOGICZNA OSTEOPOROZY DLA DZIECI","4.4"
"1041","PORADNIA ENDOKRYNOLOGICZNA OSTEOPOROZY DLA DZIECI","8.4"
"1050","PORADNIA GASTROENTEROLOGICZNA","4.4"
"1050","PORADNIA GASTROENTEROLOGICZNA","8.4"
"1051","PORADNIA GASTROENTEROLOGICZNA DLA DZIECI","4.4"
"1051","PORADNIA GASTROENTEROLOGICZNA DLA DZIECI","8.4"
"1052","PORADNIA GASTROLOGICZNA","4.4"
"1052","PORADNIA GASTROLOGICZNA","8.4"
"1053","PORADNIA GASTROLOGICZNA DLA DZIECI","4.4"
"1053","PORADNIA GASTROLOGICZNA DLA DZIECI","8.4"
"1054","PORADNIA CHORÓB JELITOWYCH","4.4"
"1054","PORADNIA CHORÓB JELITOWYCH","8.4"
"1055","PORADNIA CHORÓB JELITOWYCH DLA DZIECI","4.4"
"1055","PORADNIA CHORÓB JELITOWYCH DLA DZIECI","8.4"
"1056","PORADNIA HEPATOLOGICZNA","4.4"
"1056","PORADNIA HEPATOLOGICZNA","8.4"
"1057","PORADNIA HEPATOLOGICZNA DLA DZIECI","4.4"
"1057","PORADNIA HEPATOLOGICZNA DLA DZIECI","8.4"
"1060","PORADNIA GERIATRYCZNA","4.4"
"1060","PORADNIA GERIATRYCZNA","8.4"
"1070","PORADNIA HEMATOLOGICZNA",
"1071","PORADNIA HEMATOLOGICZNA DLA DZIECI",
"1072","PORADNIA NOWOTWORÓW KRWI",
"1073","PORADNIA NOWOTWORÓW KRWI DLA DZIECI",
"1080","PORADNIA IMMUNOLOGICZNA",
"1081","PORADNIA IMMUNOLOGICZNA DLA DZIECI",
"1100","PORADNIA KARDIOLOGICZNA",
"1101","PORADNIA KARDIOLOGICZNA DLA DZIECI",
"1102","PORADNIA WAD SERCA",
"1103","PORADNIA WAD SERCA DLA DZIECI",
"1104","PORADNIA NADCIŚNIENIA TĘTNICZEGO",
"1105","PORADNIA NADCIŚNIENIA TĘTNICZEGO DLA DZIECI",
"1120","PORADNIA CHORÓB NACZYŃ",
"1121","PORADNIA CHORÓB NACZYŃ DLA DZIECI",
"1130","PORADNIA NEFROLOGICZNA",
"1131","PORADNIA NEFROLOGICZNA DLA DZIECI",
"1140","PORADNIA MEDYCYNY NUKLEARNEJ",
"1141","PORADNIA MEDYCYNY NUKLEARNEJ DLA DZIECI",
"1150","PORADNIA TOKSYKOLOGICZNA",
"1151","PORADNIA TOKSYKOLOGICZNA DLA DZIECI",
"1160","PORADNIA MEDYCYNY PRACY",
"1162","PORADNIA CHORÓB ZAWODOWYCH",
"1180","PORADNIA MEDYCYNY PALIATYWNEJ",
"1181","PORADNIA MEDYCYNY PALIATYWNEJ DLA DZIECI",
"1200","PORADNIA DERMATOLOGICZNA","4.4"
"1200","PORADNIA DERMATOLOGICZNA","8.4"
"1201","PORADNIA DERMATOLOGICZNA DLA DZIECI","4.4"
"1201","PORADNIA DERMATOLOGICZNA DLA DZIECI","8.4"
"1202","PORADNIA WENEROLOGICZNA","4.4"
"1202","PORADNIA WENEROLOGICZNA","8.4"
"1203","PORADNIA WENEROLOGICZNA DLA DZIECI","4.4"
"1203","PORADNIA WENEROLOGICZNA DLA DZIECI","8.4"
"1210","PORADNIA GENETYCZNA","4.4"
"1211","PORADNIA GENETYCZNA DLA DZIECI","8.4"
"1220","PORADNIA NEUROLOGICZNA","4.4"
"1220","PORADNIA NEUROLOGICZNA","8.4"
"1221","PORADNIA NEUROLOGICZNA DLA DZIECI","4.4"
"1221","PORADNIA NEUROLOGICZNA DLA DZIECI","8.4"
"1222","PORADNIA LECZENIA BÓLU","4.4"
"1222","PORADNIA LECZENIA BÓLU","8.4"
"1223","PORADNIA LECZENIA BÓLU DLA DZIECI","4.4"
"1223","PORADNIA LECZENIA BÓLU DLA DZIECI","8.4"
"1224","PORADNIA CHORÓB NACZYNIOWYCH MÓZGU","4.4"
"1224","PORADNIA CHORÓB NACZYNIOWYCH MÓZGU","8.4"
"1225","PORADNIA CHORÓB NACZYNIOWYCH MÓZGU DLA DZIECI","4.4"
"1225","PORADNIA CHORÓB NACZYNIOWYCH MÓZGU DLA DZIECI","8.4"
"1226","PORADNIA PADACZKI","4.4"
"1226","PORADNIA PADACZKI","8.4"
"1227","PORADNIA PADACZKI DLA DZIECI","4.4"
"1227","PORADNIA PADACZKI DLA DZIECI","8.4"
"1228","PORADNIA PARKINSONIZMU I CHORÓB UKŁADU POZAPIRAMIDOWEGO","4.4"
"1228","PORADNIA PARKINSONIZMU I CHORÓB UKŁADU POZAPIRAMIDOWEGO","8.4"
"1229","PORADNIA PARKINSONIZMU I CHORÓB UKŁADU POZAPIRAMIDOWEGO DLA DZIECI","4.4"
"1229","PORADNIA PARKINSONIZMU I CHORÓB UKŁADU POZAPIRAMIDOWEGO DLA DZIECI","8.4"
"1230","PORADNIA STWARDNIENIA ROZSIANEGO","4.4"
"1230","PORADNIA STWARDNIENIA ROZSIANEGO","8.4"
"1231","PORADNIA STWARDNIENIA ROZSIANEGO DLA DZIECI","4.4"
"1231","PORADNIA STWARDNIENIA ROZSIANEGO DLA DZIECI","8.4"
"1232","PORADNIA CHORÓB MIĘŚNI","4.4"
"1232","PORADNIA CHORÓB MIĘŚNI","8.4"
"1233","PORADNIA CHORÓB MIĘŚNI DLA DZIECI","4.4"
"1233","PORADNIA CHORÓB MIĘŚNI DLA DZIECI","8.4"
"1240","PORADNIA ONKOLOGICZNA",
"1241","PORADNIA ONKOLOGICZNA DLA DZIECI",
"1242","PORADNIA CHEMIOTERAPII",
"1243","PORADNIA CHEMIOTERAPII DLA DZIECI",
"1244","PORADNIA RADIOTERAPII",
"1245","PORADNIA RADIOTERAPII DLA DZIECI",
"1250","PORADNIA ONKOLOGII GINEKOLOGICZNEJ",
"1251","PORADNIA MEDYCYNY NUKLEARNEJ DLA DZIECI",
"1270","PORADNIA GRUŹLICY I CHORÓB PŁUC","4.4"
"1270","PORADNIA GRUŹLICY I CHORÓB PŁUC","8.4"
"1271","PORADNIA GRUŹLICY I CHORÓB PŁUC DLA DZIECI","4.4"
"1271","PORADNIA GRUŹLICY I CHORÓB PŁUC DLA DZIECI","8.4"
"1272","PORADNIA PULMONOLOGICZNA","4.4"
"1272","PORADNIA PULMONOLOGICZNA","8.4"
"1273","PORADNIA PULMONOLOGICZNA DLA DZIECI","4.4"
"1273","PORADNIA PULMONOLOGICZNA DLA DZIECI","8.4"
"1274","PORADNIA FTYZJATRYCZNA","4.4"
"1274","PORADNIA FTYZJATRYCZNA","8.4"
"1275","PORADNIA FTYZJATRYCZNA DLA DZIECI","4.4"
"1275","PORADNIA FTYZJATRYCZNA DLA DZIECI","8.4"
"1276","PORADNIA LECZENIA MUKOWISCYDOZY","4.4"
"1276","PORADNIA LECZENIA MUKOWISCYDOZY","8.4"
"1277","PORADNIA LECZENIA MUKOWISCYDOZY DLA DZIECI","4.4"
"1277","PORADNIA LECZENIA MUKOWISCYDOZY DLA DZIECI","8.4"
"1280","PORADNIA REUMATOLOGICZNA","4.4"
"1280","PORADNIA REUMATOLOGICZNA","8.4"
"1281","PORADNIA REUMATOLOGICZNA DLA DZIECI","4.4"
"1281","PORADNIA REUMATOLOGICZNA DLA DZIECI","8.4"
"1300","PORADNIA REHABILITACYJNA",
"1301","PORADNIA REHABILITACYJNA DLA DZIECI",
"1302","PORADNIA REHABILITACJI NARZĄDU RUCHU",
"1303","PORADNIA REHABILITACJI NARZĄDU RUCHU DLA DZIECI",
"1304","PORADNIA ZAOPATRZENIA ORTOPEDYCZNEGO",
"1305","PORADNIA ZAOPATRZENIA ORTOPEDYCZNEGO DLA DZIECI",
"1306","PORADNIA REHABILITACJI NEUROLOGICZNEJ",
"1307","PORADNIA REHABILITACJI NEUROLOGICZNEJ DLA DZIECI",
"1308","PORADNIA REHABILITACJI KARDIOLOGICZNEJ",
"1309","PORADNIA REHABILITACJI KARDIOLOGICZNEJ DLA DZIECI",
"1310","DZIAŁ (PRACOWNIA) FIZJOTERAPII",
"1311","DZIAŁ (PRACOWNIA) FIZJOTERAPII DLA DZIECI",
"1312","DZIAŁ (PRACOWNIA) FIZYKOTERAPII",
"1313","DZIAŁ (PRACOWNIA) FIZYKOTERAPII DLA DZIECI",
"1314","DZIAŁ (PRACOWNIA) KINEZYTERAPII",
"1315","DZIAŁ (PRACOWNIA) KINEZYTERAPII DLA DZIECI",
"1316","DZIAŁ (PRACOWNIA) HYDROTERAPII",
"1317","DZIAŁ (PRACOWNIA) HYDROTERAPII DLA DZIECI",
"1318","DZIAŁ (PRACOWNIA) KRIOTERAPII",
"1319","DZIAŁ (PRACOWNIA) KRIOTERAPII DLA DZIECI",
"1320","DZIAŁ (PRACOWNIA) MASAŻU LECZNICZEGO",
"1321","DZIAŁ (PRACOWNIA) MASAŻU LECZNICZEGO DLA DZIECI",
"1330","DZIAŁ (PRACOWNIA) BALNEOTERAPII",
"1331","DZIAŁ (PRACOWNIA) BALNEOTERAPII DLA DZIECI",
"1340","PORADNIA CHORÓB ZAKAŹNYCH",
"1341","PORADNIA CHORÓB ZAKAŹNYCH DLA DZIECI",
"1342","PORADNIA PROFILAKTYCZNO-LECZNICZA (HIV/AIDS)",
"1343","PORADNIA PROFILAKTYCZNO-LECZNICZA (HIV/AIDS) DLA DZIECI",
"1344","PORADNIA WZW",
"1345","PORADNIA WZW DLA DZIECI",
"1346","PORADNIA CHORÓB TROPIKALNYCH",
"1347","PORADNIA CHORÓB TROPIKALNYCH DLA DZIECI",
"1348","PORADNIA CHORÓB ODZWIERZĘCYCH I PASOŻYTNICZYCH",
"1349","PORADNIA CHORÓB ODZWIERZĘCYCH I PASOŻYTNICZYCH DLA DZIECI",
"1370","PORADNIA MEDYCYNY SPORTOWEJ",
"1371","PORADNIA MEDYCYNY SPORTOWEJ DLA DZIECI",
"1380","PORADNIA LECZENIA RAN",
"1381","PORADNIA LECZENIA RAN DLA DZIECI",
"1390","PORADNIA LECZENIA OBRZĘKU LIMFATYCZNEGO",
"1391","PORADNIA LECZENIA OBRZĘKU LIMFATYCZNEGO DLA DZIECI",
"1401","PORADNIA PEDIATRYCZNA","4.4"
"1401","PORADNIA PEDIATRYCZNA","8.4"
"1405","PORADNIA ZABURZEŃ I WAD ROZWOJOWYCH DZIECI",
"1409","PORADNIA PEDIATRYCZNA SZCZEPIEŃ DLA DZIECI Z GRUP WYSOKIEGO RYZYKA",
"1421","PORADNIA NEONATOLOGICZNA",
"1450","PORADNIA GINEKOLOGICZNO-POŁOŻNICZA","4.4"
"1450","PORADNIA GINEKOLOGICZNO-POŁOŻNICZA","8.4"
"1452","PORADNIA GINEKOLOGICZNA","4.4"
"1452","PORADNIA GINEKOLOGICZNA","8.4"
"1453","PORADNIA GINEKOLOGICZNA DLA DZIEWCZĄT","4.4"
"1453","PORADNIA GINEKOLOGICZNA DLA DZIEWCZĄT","8.4"
"1454","PORADNIA PATOLOGII CIĄŻY",
"1456","PORADNIA OKRESU PRZEKWITANIA","4.4"
"1456","PORADNIA OKRESU PRZEKWITANIA","8.4"
"1458","PORADNIA PROFILAKTYKI CHORÓB PIERSI","4.4"
"1458","PORADNIA PROFILAKTYKI CHORÓB PIERSI","8.4"
"1459","PORADNIA PROFILAKTYKI CHORÓB PIERSI DLA DZIECI","4.4"
"1459","PORADNIA PROFILAKTYKI CHORÓB PIERSI DLA DZIECI","8.4"
"1460","PORADNIA GINEKOLOGII ONKOLOGICZNEJ","4.4"
"1460","PORADNIA GINEKOLOGII ONKOLOGICZNEJ","8.4"
"1461","PORADNIA GINEKOLOGII ONKOLOGICZNEJ DLA DZIECI","4.4"
"1461","PORADNIA GINEKOLOGII ONKOLOGICZNEJ DLA DZIECI","8.4"
"1470","PORADNIA PLANOWANIA RODZINY I ROZRODCZOŚCI",
"1472","SZKOŁA RODZENIA",
"1474","PORADNIA LAKTACYJNA",
"1500","PORADNIA CHIRURGII OGÓLNEJ","4.4"
"1500","PORADNIA CHIRURGII OGÓLNEJ","8.4"
"1501","PORADNIA CHIRURGII OGÓLNEJ DLA DZIECI","4.4"
"1501","PORADNIA CHIRURGII OGÓLNEJ DLA DZIECI","8.4"
"1504","PORADNIA CHIRURGII PRZEWODU POKARMOWEGO","4.4"
"1504","PORADNIA CHIRURGII PRZEWODU POKARMOWEGO","8.4"
"1505","PORADNIA CHIRURGII PRZEWODU POKARMOWEGO DLA DZIECI","4.4"
"1505","PORADNIA CHIRURGII PRZEWODU POKARMOWEGO DLA DZIECI","8.4"
"1506","PORADNIA PROKTOLOGICZNA","4.4"
"1506","PORADNIA PROKTOLOGICZNA","8.4"
"1507","PORADNIA PROKTOLOGICZNA DLA DZIECI","4.4"
"1507","PORADNIA PROKTOLOGICZNA DLA DZIECI","8.4"
"1508","PORADNIA CHIRURGII ENDOKRYNOLOGICZNEJ","4.4"
"1508","PORADNIA CHIRURGII ENDOKRYNOLOGICZNEJ","8.4"
"1509","PORADNIA CHIRURGII ENDOKRYNOLOGICZNEJ DLA DZIECI","4.4"
"1509","PORADNIA CHIRURGII ENDOKRYNOLOGICZNEJ DLA DZIECI","8.4"
"1520","PORADNIA CHIRURGII KLATKI PIERSIOWEJ",
"1521","PORADNIA CHIRURGII KLATKI PIERSIOWEJ DLA DZIECI",
"1530","PORADNIA CHIRURGII NACZYNIOWEJ","4.4"
"1530","PORADNIA CHIRURGII NACZYNIOWEJ","8.4"
"1531","PORADNIA CHIRURGII NACZYNIOWEJ DLA DZIECI","4.4"
"1531","PORADNIA CHIRURGII NACZYNIOWEJ DLA DZIECI","8.4"
"1540","PORADNIA CHIRURGII ONKOLOGICZNEJ","4.4"
"1540","PORADNIA CHIRURGII ONKOLOGICZNEJ","8.4"
"1541","PORADNIA CHIRURGII ONKOLOGICZNEJ DLA DZIECI","4.4"
"1541","PORADNIA CHIRURGII ONKOLOGICZNEJ DLA DZIECI","8.4"
"1550","PORADNIA CHIRURGII PLASTYCZNEJ","4.4"
"1550","PORADNIA CHIRURGII PLASTYCZNEJ","8.4"
"1551","PORADNIA CHIRURGII PLASTYCZNEJ DLA DZIECI","4.4"
"1551","PORADNIA CHIRURGII PLASTYCZNEJ DLA DZIECI","8.4"
"1552","PORADNIA CHIRURGII RĘKI","4.4"
"1552","PORADNIA CHIRURGII RĘKI","8.4"
"1553","PORADNIA CHIRURGII RĘKI DLA DZIECI","4.4"
"1553","PORADNIA CHIRURGII RĘKI DLA DZIECI","8.4"
"1554","PORADNIA OPARZEŃ","4.4"
"1554","PORADNIA OPARZEŃ","8.4"
"1555","PORADNIA OPARZEŃ DLA DZIECI","4.4"
"1555","PORADNIA OPARZEŃ DLA DZIECI","8.4"
"1560","PORADNIA KARDIOCHIRURGICZNA",
"1561","PORADNIA KARDIOCHIRURGICZNA DLA DZIECI",
"1570","PORADNIA NEUROCHIRURGICZNA","4.4"
"1570","PORADNIA NEUROCHIRURGICZNA","8.4"
"1571","PORADNIA NEUROCHIRURGICZNA DLA DZIECI","4.4"
"1571","PORADNIA NEUROCHIRURGICZNA DLA DZIECI","8.4"
"1580","PORADNIA CHIRURGII URAZOWO-ORTOPEDYCZNEJ","4.4"
"1580","PORADNIA CHIRURGII URAZOWO-ORTOPEDYCZNEJ","8.4"
"1581","PORADNIA CHIRURGII URAZOWO-ORTOPEDYCZNEJ DLA DZIECI","4.4"
"1581","PORADNIA CHIRURGII URAZOWO-ORTOPEDYCZNEJ DLA DZIECI","8.4"
"1583","PORADNIA WAD POSTAWY","4.4"
"1583","PORADNIA WAD POSTAWY","8.4"
"1584","PORADNIA OSTEOPOROZY","4.4"
"1584","PORADNIA OSTEOPOROZY","8.4"
"1587","PORADNIA PRELUKSACYJNA",
"1600","PORADNIA OKULISTYCZNA","4.4"
"1600","PORADNIA OKULISTYCZNA","8.4"
"1601","PORADNIA OKULISTYCZNA DLA DZIECI","4.4"
"1601","PORADNIA OKULISTYCZNA DLA DZIECI","8.4"
"1602","PORADNIA LECZENIA JASKRY","4.4"
"1602","PORADNIA LECZENIA JASKRY","8.4"
"1603","PORADNIA LECZENIA JASKRY DLA DZIECI","4.4"
"1603","PORADNIA LECZENIA JASKRY DLA DZIECI","8.4"
"1604","PORADNIA LECZENIA ZEZA","4.4"
"1604","PORADNIA LECZENIA ZEZA","8.4"
"1605","PORADNIA LECZENIA ZEZA DLA DZIECI","4.4"
"1605","PORADNIA LECZENIA ZEZA DLA DZIECI","8.4"
"1610","PORADNIA OTOLARYNGOLOGICZNA","4.4"
"1610","PORADNIA OTOLARYNGOLOGICZNA","8.4"
"1611","PORADNIA OTOLARYNGOLOGICZNA DLA DZIECI","4.4"
"1611","PORADNIA OTOLARYNGOLOGICZNA DLA DZIECI","8.4"
"1612","PORADNIA AUDIOLOGICZNA","4.4"
"1612","PORADNIA AUDIOLOGICZNA","8.4"
"1613","PORADNIA AUDIOLOGICZNA DLA DZIECI","4.4"
"1613","PORADNIA AUDIOLOGICZNA DLA DZIECI","8.4"
"1614","PORADNIA FONIATRYCZNA","4.4"
"1614","PORADNIA FONIATRYCZNA","8.4"
"1615","PORADNIA FONIATRYCZNA DLA DZIECI","4.4"
"1615","PORADNIA FONIATRYCZNA DLA DZIECI","8.4"
"1616","PORADNIA LOGOPEDYCZNA",
"1617","PORADNIA LOGOPEDYCZNA DLA DZIECI",
"1630","PORADNIA CHIRURGII SZCZĘKOWO-TWARZOWEJ","4.4"
"1630","PORADNIA CHIRURGII SZCZĘKOWO-TWARZOWEJ","8.4"
"1631","PORADNIA CHIRURGII SZCZĘKOWO-TWARZOWEJ DLA DZIECI","4.4"
"1631","PORADNIA CHIRURGII SZCZĘKOWO-TWARZOWEJ DLA DZIECI","8.4"
"1640","PORADNIA UROLOGICZNA","4.4"
"1640","PORADNIA UROLOGICZNA","8.4"
"1641","PORADNIA UROLOGICZNA DLA DZIECI","4.4"
"1641","PORADNIA UROLOGICZNA DLA DZIECI","8.4"
"1650","PORADNIA TRANSPLANTOLOGICZNA",
"1651","PORADNIA TRANSPLANTOLOGICZNA DLA DZIECI",
"1652","PORADNIA TRANSPLANTACJI NEREK",
"1653","PORADNIA TRANSPLANTACJI NEREK DLA DZIECI",
"1654","PORADNIA TRANSPLANTACJI WĄTROBY",
"1655","PORADNIA TRANSPLANTACJI WĄTROBY DLA DZIECI",
"1656","PORADNIA TRANSPLANTACJI SERCA",
"1657","PORADNIA TRANSPLANTACJI SERCA DLA DZIECI",
"1658","PORADNIA TRANSPLANTACJI SZPIKU",
"1659","PORADNIA TRANSPLANTACJI SZPIKU DLA DZIECI",
"1660","PORADNIA TRANSPLANTACJI TRZUSTKI",
"1661","PORADNIA TRANSPLANTACJI TRZUSTKI DLA DZIECI",
"1662","PORADNIA TRANSPLANTACJI PŁUC",
"1663","PORADNIA TRANSPLANTACJI PŁUC DLA DZIECI",
"1700","PORADNIA ZDROWIA PSYCHICZNEGO",
"1701","PORADNIA ZDROWIA PSYCHICZNEGO DLA DZIECI I MŁODZIEŻY",
"1703","PORADNIA ZDROWIA PSYCHICZNEGO DLA MŁODZIEŻY",
"1704","PORADNIA PSYCHOGERIATRYCZNA",
"1705","PORADNIA ZDROWIA PSYCHICZNEGO DLA DZIECI, MŁODZIEŻY I ICH RODZIN",
"1706","PORADNIA LECZENIA NERWIC",
"1707","PORADNIA DLA OSÓB Z AUTYZMEM DZIECIĘCYM",
"1710","PORADNIA PSYCHOSOMATYCZNA",
"1711","PORADNIA PSYCHOSOMATYCZNA DLA DZIECI",
"1740","PORADNIA LECZENIA UZALEŻNIEŃ",
"1741","PORADNIA LECZENIA UZALEŻNIEŃ DLA DZIECI",
"1742","PORADNIA ANTYNIKOTYNOWA",
"1743","PORADNIA TERAPII UZALEŻNIEŃ OD ALKOHOLU DLA DZIECI I MŁODZIEŻY",
"1744","PORADNIA TERAPII UZALEŻNIENIA OD ALKOHOLU I WSPÓŁUZALEŻNIENIA",
"1745","PORADNIA TERAPII UZALEŻNIENIA OD ALKOHOLU I WSPÓŁUZALEŻNIENIA DLA DZIECI",
"1746","PORADNIA TERAPII UZALEŻNIENIA OD SUBSTANCJI PSYCHOAKTYWNYCH",
"1747","PORADNIA TERAPII UZALEŻNIENIA OD SUBSTANCJI PSYCHOAKTYWNYCH DLA DZIECI",
"1750","PORADNIA PROMOCJI ZDROWIA",
"1751","PORADNIA PROMOCJI ZDROWIA DLA DZIECI",
"1780","PORADNIA SEKSUOLOGICZNA I PATOLOGII WSPÓŁŻYCIA",
"1790","PORADNIA PSYCHOLOGICZNA",
"1791","PORADNIA PSYCHOLOGICZNA DLA DZIECI",
"1800","PORADNIA STOMATOLOGICZNA",
"1801","PORADNIA STOMATOLOGICZNA DLA DZIECI",
"1804","PORADNIA STOMATOLOGII ZACHOWAWCZEJ",
"1805","PORADNIA STOMATOLOGII ZACHOWAWCZEJ DLA DZIECI",
"1810","PORADNIA CHORÓB BŁON ŚLUZOWYCH PRZYZĘBIA",
"1811","PORADNIA CHORÓB BŁON ŚLUZOWYCH PRZYZĘBIA DLA DZIECI",
"1820","PORADNIA ORTODONTYCZNA",
"1821","PORADNIA ORTODONTYCZNA DLA DZIECI",
"1830","PORADNIA PROTETYKI STOMATOLOGICZNEJ",
"1831","PORADNIA PROTETYKI STOMATOLOGICZNEJ DLA DZIECI",
"1840","PORADNIA CHIRURGII STOMATOLOGICZNEJ",
"1841","PORADNIA CHIRURGII STOMATOLOGICZNEJ DLA DZIECI",
"2130","ZESPÓŁ DOMOWEJ DIALIZOTERAPII OTRZEWNOWEJ",
"2131","ZESPÓŁ DOMOWEJ DIALIZOTERAPII OTRZEWNOWEJ DLA DZIECI",
"2140","ZESPÓŁ DŁUGOTERMINOWEJ OPIEKI DOMOWEJ",
"2141","ZESPÓŁ DŁUGOTERMINOWEJ OPIEKI DOMOWEJ DLA DZIECI",
"2142","PIELĘGNIARSKA OPIEKA DŁUGOTERMINOWA",
"2143","PIELĘGNIARSKA OPIEKA DŁUGOTERMINOWA DLA DZIECI",
"2146","ZESPÓŁ REHABILITACJI DOMOWEJ",
"2147","ZESPÓŁ REHABILITACJI DOMOWEJ DLA DZIECI",
"2150","ZESPÓŁ DOMOWEGO LECZENIA TLENEM",
"2151","ZESPÓŁ DOMOWEGO LECZENIA TLENEM DLA DZIECI",
"2180","HOSPICJA DOMOWE",
"2181","HOSPICJA DOMOWE DLA DZIECI",
"2182","DZIENNY OŚRODEK OPIEKI PALIATYWNEJ LUB HOSPICYJNEJ",
"2183","DZIENNY OŚRODEK OPIEKI PALIATYWNEJ LUB HOSPICYJNEJ DLA DZIECI",
"2200","DZIENNY OŚRODEK OPIEKI GERIATRYCZNEJ",
"2201","DZIENNY OŚRODEK OPIEKI GERIATRYCZNEJ DLA DZIECI",
"2202","GERIATRYCZNY ZESPÓŁ OPIEKI DOMOWEJ",
"2203","GERIATRYCZNY ZESPÓŁ OPIEKI DOMOWEJ DLA DZIECI",
"2204","GERIATRYCZNY ZESPÓŁ KONSULTACYJNY DLA LECZNICTWA ZAMKNIĘTEGO",
"2205","GERIATRYCZNY ZESPÓŁ KONSULTACYJNY DLA LECZNICTWA ZAMKNIĘTEGO DLA DZIECI",
"2300","OŚRODEK REHABILITACJI DZIENNEJ",
"2301","OŚRODEK REHABILITACJI DZIENNEJ DLA DZIECI",
"2400","IZBA CHORYCH",
"2401","IZBA CHORYCH DLA DZIECI",
"2700","ODDZIAŁ DZIENNY PSYCHIATRYCZNY (OGÓLNY)",
"2701","ODDZIAŁ DZIENNY PSYCHIATRYCZNY DLA DZIECI I MŁODZIEŻY",
"2702","ODDZIAŁ DZIENNY PSYCHIATRYCZNY REHABILITACYJNY",
"2703","ODDZIAŁ DZIENNY PSYCHIATRYCZNY REHABILITACYJNY DLA DZIECI",
"2704","ODDZIAŁ DZIENNY PSYCHOGERIATRYCZNY",
"2705","ODDZIAŁ DZIENNY PSYCHOGERIATRYCZNY DLA DZIECI",
"2706","ODDZIAŁ DZIENNY ZABURZEŃ NERWICOWYCH",
"2707","ODDZIAŁ DZIENNY ZABURZEŃ NERWICOWYCH DLA DZIECI I MŁODZIEŻY",
"2709","ODDZIAŁ DZIENNY DLA OSÓB Z AUTYZMEM DZIECIĘCYM",
"2710","ODDZIAŁ/OŚRODEK ALZHEIMEROWSKI",
"2711","ODDZIAŁ DZIENNY TERAPII UZALEŻNIENIA OD ALKOHOLU DLA DZIECI I MŁODZIEŻY",
"2712","ODDZIAŁ DZIENNY TERAPII UZALEŻNIENIA OD ALKOHOLU",
"2713","ODDZIAŁ DZIENNY TERAPII UZALEŻNIENIA OD ŚRODKÓW PSYCHOAKTYWNYCH DLA DZIECI I MŁODZIEŻY",
"2714","ODDZIAŁ DZIENNY TERAPII UZALEŻNIENIA OD SUBSTANCJI PSYCHOAKTYWNYCH",
"2715","ODDZIAŁ DZIENNY TERAPII UZALEŻNIENIA OD SUBSTANCJI PSYCHOAKTYWNYCH DLA DZIECI",
"2716","ODDZIAŁ NOCNY PSYCHIATRYCZNY",
"2717","ODDZIAŁ NOCNY PSYCHIATRYCZNY DLA DZIECI",
"2718","ODDZIAŁ NOCNY PSYCHIATRYCZNY DLA UZALEŻNIONYCH",
"2719","ODDZIAŁ NOCNY PSYCHIATRYCZNY DLA UZALEŻNIONYCH DZIECI",
"2720","HOSTEL DLA OSÓB Z ZABURZENIAMI PSYCHICZNYMI",
"2721","HOSTEL DLA OSÓB Z ZABURZENIAMI PSYCHICZNYMI DLA  MŁODZIEŻY",
"2722","HOSTEL DLA OSÓB PSYCHICZNIE CHORYCH",
"2723","HOSTEL DLA OSÓB PSYCHICZNIE CHORYCH DLA DZIECI",
"2724","HOSTEL DLA UZALEŻNIONYCH OD ALKOHOLU",
"2725","HOSTEL DLA UZALEŻNIONYCH OD ALKOHOLU DLA DZIECI",
"2726","HOSTEL DLA UZALEŻNIONYCH OD SUBSTANCJI PSYCHOAKTYWNYCH",
"2727","HOSTEL DLA UZALEŻNIONYCH OD SUBSTANCJI PSYCHOAKTYWNYCH DLA DZIECI",
"2730","ZESPÓŁ LECZENIA ŚRODOWISKOWEGO (DOMOWEGO)",
"2731","ZESPÓŁ LECZENIA ŚRODOWISKOWEGO (DOMOWEGO) DLA DZIECI I MŁODZIEŻY",
"2732","OPIEKA DOMOWA, RODZINNA",
"2733","ZESPÓŁ LECZENIA ŚRODOWISKOWEGO (DOMOWEGO) DLA OSÓB Z AUTYZMEM",
"2740","OŚRODEK LECZENIA UZALEŻNIEŃ, BLIŻEJ NIESCHARAKTERYZOWANYCH",
"2741","OŚRODEK LECZENIA UZALEŻNIEŃ, BLIŻEJ NIESCHARAKTERYZOWANYCH DLA DZIECI",
"3010","AMBULATORIUM OGÓLNE",
"3011","AMBULATORIUM PEDIATRYCZNE",
"3012","AMBULATORIUM CHIRURGICZNE",
"3013","AMBULATORIUM CHIRURGICZNE DLA DZIECI",
"3016","AMBULATORIUM OKULISTYCZNE",
"3017","AMBULATORIUM OKULISTYCZNE DLA DZIECI",
"3040","AMBULATORIUM STOMATOLOGICZNE",
"3041","AMBULATORIUM STOMATOLOGICZNE DLA DZIECI",
"3110","ZESPÓŁ WYJAZDOWY OGÓLNY",
"3112","ZESPÓŁ WYJAZDOWY WYPADKOWY W",
"3114","ZESPÓŁ WYJAZDOWY REANIMACYJNY R",
"3118","ZESPÓŁ WYJAZDOWY NEONATOLOGICZNY N",
"3150","WODNE POGOTOWIE RATUNKOWE",
"3200","LOTNICZY ZESPÓŁ TRANSPORTU SANITARNEGO",
"3210","LOTNICZY ZESPÓŁ RATOWNICTWA MEDYCZNEGO",
"3220","LOTNICZA GRUPA POSZUKIWAWCZO-RATOWNICZA",
"3300","SZPITALNY ODDZIAŁ RATUNKOWY","7.4"
"3301","SZPITALNY ODDZIAŁ RATUNKOWY DLA DZIECI","7.4"
"4132","STACJA DIALIZ",
"4133","STACJA DIALIZ DLA DZIECI",
"4170","ODDZIAŁ DLA PRZEWLEKLE CHORYCH",
"4171","ODDZIAŁ DLA PRZEWLEKLE CHORYCH DLA DZIECI",
"4180","ODDZIAŁ MEDYCYNY PALIATYWNEJ",
"4181","ODDZIAŁ MEDYCYNY PALIATYWNEJ DLA DZIECI",
"4260","ODDZIAŁ ANESTEZJOLOGII I INTENSYWNEJ TERAPII",
"4261","ODDZIAŁ ANESTEZJOLOGII I INTENSYWNEJ TERAPII DLA DZIECI",
"4264","ODDZIAŁ INTENSYWNEJ TERAPII",
"4265","ODDZIAŁ INTENSYWNEJ TERAPII DLA DZIECI",
"4266","DZIAŁ ANESTEZJOLOGII",
"4267","DZIAŁ ANESTEZJOLOGII DLA DZIECI",
"4300","ODDZIAŁ REHABILITACYJNY",
"4301","ODDZIAŁ REHABILITACYJNY DLA DZIECI",
"4302","ODDZIAŁ REHABILITACJI NARZĄDU RUCHU",
"4303","ODDZIAŁ REHABILITACJI NARZĄDU RUCHU DLA DZIECI",
"4304","ODDZIAŁ PARAPLEGII I TETRAPLEGII",
"4305","ODDZIAŁ PARAPLEGII I TETRAPLEGII DLA DZIECI",
"4306","ODDZIAŁ REHABILITACJI NEUROLOGICZNEJ",
"4307","ODDZIAŁ REHABILITACJI NEUROLOGICZNEJ DLA DZIECI",
"4308","ODDZIAŁ REHABILITACJI KARDIOLOGICZNEJ",
"4309","ODDZIAŁ REHABILITACJI KARDIOLOGICZNEJ DLA DZIECI",
"4700","ODDZIAŁ PSYCHIATRYCZNY (OGÓLNY)",
"4701","ODDZIAŁ PSYCHIATRYCZNY DLA DZIECI",
"4702","ODDZIAŁ REHABILITACJI PSYCHIATRYCZNEJ",
"4703","ODDZIAŁ PSYCHIATRYCZNY DLA MŁODZIEŻY",
"4704","ODDZIAŁ LECZENIA ZABURZEŃ NERWICOWYCH",
"4705","ODDZIAŁ PSYCHIATRYCZNY DLA DZIECI I MŁODZIEŻY",
"4707","ODDZIAŁ LECZENIA ZABURZEŃ NERWICOWYCH DLA DZIECI I MŁODZIEŻY",
"4710","ODDZIAŁ PSYCHIATRYCZNY DLA CHORYCH SOMATYCZNIE",
"4711","ODDZIAŁ PSYCHIATRYCZNY DLA CHORYCH SOMATYCZNIE DLA DZIECI",
"4712","ODDZIAŁ PSYCHOGERIATRYCZNY",
"4714","ODDZIAŁ PSYCHIATRYCZNY DLA CHORYCH NA GRUŹLICĘ",
"4715","ODDZIAŁ PSYCHIATRYCZNY DLA CHORYCH NA GRUŹLICĘ DLA DZIECI",
"4716","ODDZIAŁ PSYCHIATRYCZNY DLA PRZEWLEKLE CHORYCH",
"4717","ODDZIAŁ PSYCHIATRYCZNY DLA PRZEWLEKLE CHORYCH DLA DZIECI",
"4730","ODDZIAŁ PSYCHIATRII SĄDOWEJ",
"4731","ODDZIAŁ PSYCHIATRII SĄDOWEJ DLA MŁODZIEŻY",
"4732","ODDZIAŁ PSYCHIATRII SĄDOWEJ O WZMOCNIONYM ZABEZPIECZENIU",
"4733","ODDZIAŁ PSYCHIATRII SĄDOWEJ O WZMOCNIONYM ZABEZPIECZENIU DLA MŁODZIEŻY",
"4734","ODDZIAŁ PSYCHIATRII SĄDOWEJ O MAKSYMALNYM ZABEZPIECZENIU",
"4735","ODDZIAŁ PSYCHIATRII SĄDOWEJ O MAKSYMALNYM ZABEZPIECZENIU DLA MŁODZIEŻY",
"4736","ODDZIAŁ ODWYKOWY O WZMOCNIONYM ZABEZPIECZENIU",
"4737","ODDZIAŁ ODWYKOWY O WZMOCNIONYM ZABEZPIECZENIU DLA MŁODZIEŻY",
"4740","ODDZIAŁ/OŚRODEK LECZENIA UZALEŻNIEŃ",
"4741","ODDZIAŁ/OŚRODEK LECZENIA UZALEŻNIEŃ DLA DZIECI I MŁODZIEŻY",
"4742","ODDZIAŁ/OŚRODEK LECZENIA ALKOHOLOWYCH ZESPOŁÓW ABSTYNENCYJNYCH (DETOKSYKACJI)",
"4744","ODDZIAŁ/OŚRODEK TERAPII UZALEŻNIENIA OD ALKOHOLU",
"4745","ODDZIAŁ/OŚRODEK TERAPII UZALEŻNIENIA OD ALKOHOLU DLA DZIECI I MŁODZIEŻY",
"4746","ODDZIAŁ/OŚRODEK TERAPII UZALEŻNIENIA OD SUBSTANCJI PSYCHOAKTYWNYCH",
"4747","ODDZIAŁ/OŚRODEK TERAPII UZALEŻNIENIA OD SUBSTANCJI PSYCHOAKTYWNYCH DLA DZIECI I MŁODZIEŻY",
"4748","ODDZIAŁ/OŚRODEK LECZENIA ZESPOŁÓW ABSTYNENCYJNYCH PO SUBSTANCJACH PSYCHOAKTYWNYCH (DETOKSYKACJI)",
"4750","ODDZIAŁ/OŚRODEK REHABILITACYJNY DLA UZALEŻNIONYCH OD SUBSTANCJI PSYCHOAKTYWNYCH",
"4751","ODDZIAŁ/OŚRODEK REHABILITACYJNY DLA UZALEŻNIONYCH OD SUBSTANCJI PSYCHOAKTYWNYCH DLA DZIECI I MŁODZIEŻY",
"4752","ODDZIAŁ/OŚRODEK TERAPII DLA UZALEŻNIONYCH OD ALKOHOLU ZE WSPÓŁISTNIEJĄCYMI ZABURZENIAMI PSYCHOTYCZNYMI",
"4753","ODDZIAŁ/OŚRODEK TERAPII DLA UZALEŻNIONYCH OD ALKOHOLU ZE WSPÓŁISTNIEJĄCYMI ZABURZENIAMI PSYCHOTYCZNYMI DLA DZIECI",
"4754","ODDZIAŁ/OŚRODEK TERAPII DLA UZALEŻNIONYCH OD SUBSTANCJI PSYCHOAKTYWNYCH ZE WSPÓŁISTNIEJĄCYMI ZABURZENIAMI PSYCHOTYCZNYMI",
"4755","ODDZIAŁ/OŚRODEK TERAPII DLA UZALEŻNIONYCH OD SUBSTANCJI PSYCHOAKTYWNYCH ZE WSPÓŁISTNIEJĄCYMI ZABURZENIAMI PSYCHOTYCZNYMI DLA DZIECI",
"4756","ODDZIAŁ/OŚRODEK REHABILITACJI DLA UZALEŻNIONYCH OD SUBSTANCJI PSYCHOAKTYWNYCH ZE WSPÓŁISTNIEJĄCYMI ZABURZENIAMI PSYCHOTYCZNYMI",
"4757","ODDZIAŁ/OŚRODEK REHABILITACJI DLA UZALEŻNIONYCH OD SUBSTANCJI PSYCHOAKTYWNYCH ZE WSPÓŁISTNIEJĄCYMI ZABURZENIAMI PSYCHOTYCZNYMI DLA DZIECI",
"4840","ODDZIAŁ CHIRURGII STOMATOLOGICZNEJ",
"4841","ODDZIAŁ CHIRURGII STOMATOLOGICZNEJ DLA DZIECI",
"4880","ZAKŁAD/ODDZIAŁ MEDYCYNY SĄDOWEJ",
"4881","ZAKŁAD/ODDZIAŁ MEDYCYNY SĄDOWEJ DLA DZIECI",
"4900","IZBA PRZYJĘĆ SZPITALA","7.4"
"4901","IZBA PRZYJĘĆ SZPITALA DLA DZIECI","7.4"
"4910","BLOK OPERACYJNY",
"4911","BLOK OPERACYJNY DLA DZIECI",
"4912","SALA PORODOWA",
"4920","APTEKA SZPITALNA/ ZAKŁADOWA",
"4921","APTEKA SZPITALNA/ZAKŁADOWA DLA DZIECI",
"4930","STERYLIZATORNIA",
"4931","STERYLIZATORNIA DLA DZIECI",
"4940","PROSEKTORIUM",
"4941","PROSEKTORIUM DLA DZIECI",
"4950","ZAKŁAD PATOMORFOLOGII",
"4951","ZAKŁAD PATOMORFOLOGII DLA DZIECI",
"5160","ZAKŁAD/ODDZIAŁ PIELĘGNACYJNO-OPIEKUŃCZY",
"5161","ZAKŁAD/ODDZIAŁ PIELĘGNACYJNO-OPIEKUŃCZY DLA DZIECI",
"5162","ZAKŁAD/ODDZIAŁ PIELĘGNACYJNO-OPIEKUŃCZY PSYCHIATRYCZNY",
"5163","ZAKŁAD/ODDZIAŁ PIELĘGNACYJNO-OPIEKUŃCZY PSYCHIATRYCZNY DLA DZIECI I MŁODZIEŻY",
"5170","ZAKŁAD/ODDZIAŁ OPIEKUŃCZO-LECZNICZY",
"5171","ZAKŁAD/ODDZIAŁ OPIEKUŃCZO-LECZNICZY DLA DZIECI I MŁODZIEŻY",
"5172","ZAKŁAD/ODDZIAŁ OPIEKUŃCZO-LECZNICZY PSYCHIATRYCZNY",
"5173","ZAKŁAD/ODDZIAŁ OPIEKUŃCZO-LECZNICZY PSYCHIATRYCZNY DLA DZIECI",
"5180","HOSPICJA STACJONARNE",
"5181","HOSPICJA STACJONARNE DLA DZIECI",
"5260","ZAKŁAD/ODDZIAŁ DZIENNY PIELĘGNACYJNO-OPIEKUŃCZY PSYCHIATRYCZNY",
"5261","ZAKŁAD/ODDZIAŁ DZIENNY PIELĘGNACYJNO-OPIEKUŃCZY PSYCHIATRYCZNY DLA DZIECI",
"5272","ZAKŁAD/ODDZIAŁ DZIENNY OPIEKUŃCZO-LECZNICZY PSYCHIATRYCZNY",
"5360","ZESPÓŁ OPIEKI DOMOWEJ PRZY ZAKŁADZIE/ODDZIALE PIELĘGNACYJNO-OPIEKUŃCZYM LUB OPIEKUŃCZO-LECZNICZYM PSYCHIATRYCZNYM",
"5361","ZESPÓŁ OPIEKI DOMOWEJ PRZY ZAKŁADZIE/ODDZIALE PIELĘGNACYJNO-OPIEKUŃCZYM LUB OPIEKUŃCZO-LECZNICZYM PSYCHIATRYCZNYM DLA DZIECI",
"6100","SZPITAL (ODDZIAŁ) UZDROWISKOWY",
"6101","SZPITAL (ODDZIAŁ) UZDROWISKOWY DLA DZIECI",
"6500","SANATORIUM (ODDZIAŁ) UZDROWISKOWE",
"6501","SANATORIUM (ODDZIAŁ) UZDROWISKOWE DLA DZIECI",
"7000","PRACOWNIA DIAGNOSTYCZNA",
"7001","PRACOWNIA DIAGNOSTYCZNA DLA DZIECI",
"7100","PRACOWNIA DIAGNOSTYKI LABORATORYJNEJ (LABORATORIUM)",
"7101","PRACOWNIA DIAGNOSTYKI LABORATORYJNEJ (LABORATORIUM) DLA DZIECI",
"7110","PUNKT POBRAŃ MATERIAŁÓW DO BADAŃ",
"7111","PUNKT POBRAŃ MATERIAŁÓW DO BADAŃ DLA DZIECI",
"7120","PRACOWNIA DIAGNOSTYKI MIKROBIOLOGICZNEJ",
"7121","PRACOWNIA DIAGNOSTYKI MIKROBIOLOGICZNEJ DLA DZIECI",
"7200","PRACOWNIA DIAGNOSTYKI OBRAZOWEJ",
"7201","PRACOWNIA DIAGNOSTYKI OBRAZOWEJ DLA DZIECI",
"7210","PRACOWNIA USG",
"7211","PRACOWNIA USG DLA DZIECI",
"7220","PRACOWNIA TOMOGRAFII KOMPUTEROWEJ",
"7221","PRACOWNIA TOMOGRAFII KOMPUTEROWEJ DLA DZIECI",
"7230","PRACOWNIA RENTGENODIAGNOSTYKI ZABIEGOWEJ",
"7231","PRACOWNIA RENTGENODIAGNOSTYKI ZABIEGOWEJ DLA DZIECI",
"7240","PRACOWNIA RENTGENODIAGNOSTYKI OGÓLNEJ",
"7241","PRACOWNIA RENTGENODIAGNOSTYKI OGÓLNEJ DLA DZIECI",
"7250","PRACOWNIA REZONANSU MAGNETYCZNEGO",
"7251","PRACOWNIA REZONANSU MAGNETYCZNEGO DLA DZIECI",
"7260","PRACOWNIA SCYNTYGRAFII",
"7261","PRACOWNIA SCYNTYGRAFII DLA DZIECI",
"7270","PRACOWNIA ANGIOGRAFII",
"7271","PRACOWNIA ANGIOGRAFII DLA DZIECI",
"7900","PRACOWNIE INNE",
"7901","PRACOWNIE INNE DLA DZIECI",
"7910","PRACOWNIA ENDOSKOPII",
"7911","PRACOWNIA ENDOSKOPII DLA DZIECI",
"7950","ZAKŁAD MEDYCYNY NUKLEARNEJ",
"7951","ZAKŁAD MEDYCYNY NUKLEARNEJ DLA DZIECI",
"8100","PRACOWNIA PROTETYKI STOMATOLOGICZNEJ",
"8101","PRACOWNIA PROTETYKI STOMATOLOGICZNEJ DLA DZIECI",
"8200","PRACOWNIA (PUNKT ZAOPATRZENIA) ŚRODKÓW POMOCNICZYCH",
"8201","PRACOWNIA (PUNKT ZAOPATRZENIA) ŚRODKÓW POMOCNICZYCH DLA DZIECI",
"8210","PRACOWNIA (PUNKT ZAOPATRZENIA) W ŚRODKI WSPOMAGANIA SŁUCHU",
"8211","PRACOWNIA (PUNKT ZAOPATRZENIA) W ŚRODKI WSPOMAGANIA SŁUCHU DLA DZIECI",
"8220","PRACOWNIA (PUNKT ZAOPATRZENIA) W ŚRODKI OPTYCZNE",
"8221","PRACOWNIA (PUNKT ZAOPATRZENIA) W ŚRODKI OPTYCZNE DLA DZIECI",
"8500","BANK KRWI",
"8501","BANK KRWI DLA DZIECI",
"8502","PUNKT POBRAŃ KRWI",
"8503","PUNKT POBRAŃ KRWI DLA DZIECI",
"8510","BANK TKANEK",
"8511","BANK TKANEK DLA DZIECI",
"8512","PUNKT POBRAŃ TKANEK I SZPIKU KOSTNEGO",
"8513","PUNKT POBRAŃ TKANEK I SZPIKU KOSTNEGO DLA DZIECI",
"8520","DZIAŁ KRWIODAWSTWA I KRWIOLECZNICTWA",
"8521","DZIAŁ KRWIODAWSTWA I KRWIOLECZNICTWA DLA DZIECI",
"9000","INNA I NIEOKREŚLONA KOMÓRKA DZIAŁALNOŚCI MEDYCZNEJ",
"9001","INNA I NIEOKREŚLONA KOMÓRKA DZIAŁALNOŚCI MEDYCZNEJ DLA DZIECI",
"9010","PRACOWNIA AKUPRESURY I AKUPUNKTURY",
"9011","PRACOWNIA AKUPRESURY I AKUPUNKTURY DLA DZIECI",
"9012","PRACOWNIA ZIOŁOLECZNICTWA",
"9013","PRACOWNIA ZIOŁOLECZNICTWA DLA DZIECI",
"9200","DZIAŁ HIGIENY I EPIDEMIOLOGII",
"9201","DZIAŁ HIGIENY I EPIDEMIOLOGII DLA DZIECI",
"9202","DZIAŁ NADZORU RADIOLOGICZNEGO",
"9203","DZIAŁ NADZORU RADIOLOGICZNEGO DLA DZIECI",
"9204","DZIAŁ NADZORU SANITARNEGO",
"9205","DZIAŁ NADZORU SANITARNEGO DLA DZIECI",
"9206","DZIAŁ NADZORU ZAPOBIEGAWCZEGO",
"9207","DZIAŁ NADZORU ZAPOBIEGAWCZEGO DLA DZIECI",
"9210","DZIAŁ OŚWIATY I PROMOCJI ZDROWIA",
"9211","DZIAŁ OŚWIATY I PROMOCJI ZDROWIA DLA DZIECI",
"9220","DZIAŁ ŻYWNOŚCI, ŻYWIENIA, PRZEDMIOTÓW UŻYTKU",
"9221","DZIAŁ ŻYWNOŚCI, ŻYWIENIA, PRZEDMIOTÓW UŻYTKU DLA DZIECI",
"9230","DZIAŁ ORZECZNICTWA O STANIE ZDROWIA",
"9231","DZIAŁ ORZECZNICTWA O STANIE ZDROWIA DLA DZIECI",
"9240","ZESPÓŁ TRANSPORTU SANITARNEGO",
"9241","ZESPÓŁ TRANSPORTU SANITARNEGO DLA DZIECI",
"9300","ODDZIAŁ ŻŁOBKOWY",
"9400","SZPITALNY ZESPÓŁ WSPIERAJĄCY OPIEKI PALIATYWNEJ",
"9401","SZPITALNY ZESPÓŁ WSPIERAJĄCY OPIEKI PALIATYWNEJ DLA DZIECI",
